"case_id","case_name","role","historical_status","historical_evidence_type","expected_safe","current_actual","current_disposition","unit_status","isolated_pg_status","local_real_stack_browser_status","new_browser_source_status","live_provider_status","real_merchant_status","environment","evidence_ids","evidence_paths","proof_head","documentation_head","pending_f13_source_sha256","blocker_or_next_action","current_e_head_metadata","current_e_release_gate_status","post_0053_compatibility_observation"
"UC01","Account and role","operator","本次通過","L","Invited credential account sees the server-resolved workspace and role.","Actual BetterAuth sign-in/sign-out/revocation and role guidance passed in D11. No current merchant-session acceptance.","LOCAL_VERIFIED_EXTERNAL_PENDING","PASS_D","PARTIAL_D_ROLE_DB","PASS_D11","PENDING_F13_OPERATOR403","N/A","PENDING_REAL_ACCOUNT","Synthetic loopback PostgreSQL 17; app role non-super/non-bypass/forced RLS; actual BetterAuth/Queue where recorded; fake AI/mock SHOPLINE/publishing disabled. No runtime opened by docs pass.","D;FB","docs/superpowers/plans/2026-10-01-wukong-fix-status.md; tests/e2e/opak-account-assignment.spec.ts; tests/e2e/opak-admin-dirty.spec.ts; tests/e2e/opak-admin-workspace-switch.spec.ts; tests/e2e/opak-catalog-context.spec.ts; node_modules/.opak-evidence/t07-t09-browser-release.log; tests/e2e/opak-maintenance.spec.ts; node_modules/.opak-evidence/t13-note.md; node_modules/.opak-evidence/t13-tsconfig.json","D: b8fe92a3273841dd2a7857905f9ac796cc5200fa; FB: UNCOMMITTED_F13_SOURCE; SHA256 metadata separate","59d1e03 (parent-reported current E prefix; full SHA not supplied; correction/testing in progress; final E head unknown)","bb4c71b7bc95fdb5e9ccddf71ade11a4f5da268976f4343f84c1391b9b46036b","Authenticated cloud/merchant role acceptance remains separate.","59d1e03 (parent-reported current E prefix; full SHA not supplied; correction/testing in progress; final E head unknown)","PR125 remote CI failed full integration: new migration 0053 child-FK supporting index missing. Correction/testing in progress; final E benchmark v2 and final E head PENDING. Recorded v1 local results do not certify this release.","Parent-reported old D against 0053 compatibility 3/3 GREEN: private F100 service copy plus owned/foreign listing detail. Code compatibility only; not a new F13 browser pass, full migration/release pass or performance measurement. Exact run head/log path not supplied."
"UC02","Administrator refusal","operator","部分通過：正確拒絕，但靜默返回工作台","L/C","Operator cannot perform admin writes and receives useful role guidance.","Server refusal and local admin/account guidance verified. F13 adds a distinct actual operator login/direct approval/export/member/policy403, still pending.","LOCAL_VERIFIED_EXTERNAL_PENDING","PASS_D","PASS_D_ROLE_SCOPE","PASS_D11","PENDING_F13_OPERATOR403","N/A","PENDING_REAL_ROLE_MATRIX","Synthetic loopback PostgreSQL 17; app role non-super/non-bypass/forced RLS; actual BetterAuth/Queue where recorded; fake AI/mock SHOPLINE/publishing disabled. No runtime opened by docs pass.","D;FB","docs/superpowers/plans/2026-10-01-wukong-fix-status.md; tests/e2e/opak-account-assignment.spec.ts; tests/e2e/opak-admin-dirty.spec.ts; tests/e2e/opak-admin-workspace-switch.spec.ts; tests/e2e/opak-catalog-context.spec.ts; node_modules/.opak-evidence/t07-t09-browser-release.log; tests/e2e/opak-maintenance.spec.ts; node_modules/.opak-evidence/t13-note.md; node_modules/.opak-evidence/t13-tsconfig.json","D: b8fe92a3273841dd2a7857905f9ac796cc5200fa; FB: UNCOMMITTED_F13_SOURCE; SHA256 metadata separate","59d1e03 (parent-reported current E prefix; full SHA not supplied; correction/testing in progress; final E head unknown)","bb4c71b7bc95fdb5e9ccddf71ade11a4f5da268976f4343f84c1391b9b46036b","Execute F13 role observations; do not assume real admin availability.","59d1e03 (parent-reported current E prefix; full SHA not supplied; correction/testing in progress; final E head unknown)","PR125 remote CI failed full integration: new migration 0053 child-FK supporting index missing. Correction/testing in progress; final E benchmark v2 and final E head PENDING. Recorded v1 local results do not certify this release.","Parent-reported old D against 0053 compatibility 3/3 GREEN: private F100 service copy plus owned/foreign listing detail. Code compatibility only; not a new F13 browser pass, full migration/release pass or performance measurement. Exact run head/log path not supplied."
"UC03","Review detail read","operator","本次失敗：兩件均 API 500","L/R","Owned detail shows current version/source/content/next action; global errors stay safe HTTP failures.","Seven actual isolated PG schema/RLS regressions and two local operator/reviewer browser cases pass. Production repair and fresh authenticated production reads remain blocked. Old D against schema 0053 compatibility passed 3/3 (private F100 copy plus owned/foreign detail); this is code compatibility only, not a production/schema-release or new browser pass.","LOCAL_PASS_PRODUCTION_BLOCKED","PASS_A163_SCOPE","PASS_A7","PASS_A2","PENDING_F13_20_CURRENT_READS","N/A","BLOCKED_PRODUCTION_READ","Synthetic loopback PostgreSQL 17; app role non-super/non-bypass/forced RLS; actual BetterAuth/Queue where recorded; fake AI/mock SHOPLINE/publishing disabled. No runtime opened by docs pass.","A;FB;DCOMP","docs/superpowers/plans/2026-10-01-wukong-fix-status.md; apps/web/app/api/listings/runtime-read.integration.test.ts; tests/e2e/opak-runtime-read.spec.ts; .superpowers/sdd/2026-10-01-wukong-opakcellar-fixes/a-review-real-db-green.log; tests/e2e/opak-maintenance.spec.ts; node_modules/.opak-evidence/t13-note.md; node_modules/.opak-evidence/t13-tsconfig.json","A: A ledger; exact individual browser head not restated; FB: UNCOMMITTED_F13_SOURCE; SHA256 metadata separate; DCOMP: parent-reported old-D/0053 compatibility; exact run head not supplied","59d1e03 (parent-reported current E prefix; full SHA not supplied; correction/testing in progress; final E head unknown)","bb4c71b7bc95fdb5e9ccddf71ade11a4f5da268976f4343f84c1391b9b46036b","Authorized production schema repair and fresh reads remain required.","59d1e03 (parent-reported current E prefix; full SHA not supplied; correction/testing in progress; final E head unknown)","PR125 remote CI failed full integration: new migration 0053 child-FK supporting index missing. Correction/testing in progress; final E benchmark v2 and final E head PENDING. Recorded v1 local results do not certify this release.","Parent-reported old D against 0053 compatibility 3/3 GREEN: private F100 service copy plus owned/foreign listing detail. Code compatibility only; not a new F13 browser pass, full migration/release pass or performance measurement. Exact run head/log path not supplied."
"UC04","Resilient rows","operator","本次列表讀取失敗；容錯注入未執行","L/C","Malformed rows are individually blocked; healthy rows remain usable; delivery is not inferred from a degraded read.","Unit/route and actual PG malformed-data/whole-permission checks pass; local browser shows explicit degradation/blocked rows without hiding healthy records.","LOCAL_VERIFIED_EXTERNAL_PENDING","PASS_A_B_SCOPE","PASS_A7_B_SCOPE","PASS_A2_B_READ","N/A_NEW_F13","N/A","PENDING_PRODUCTION_READ","Synthetic loopback PostgreSQL 17; app role non-super/non-bypass/forced RLS; actual BetterAuth/Queue where recorded; fake AI/mock SHOPLINE/publishing disabled. No runtime opened by docs pass.","A;B","docs/superpowers/plans/2026-10-01-wukong-fix-status.md; apps/web/app/api/listings/runtime-read.integration.test.ts; tests/e2e/opak-runtime-read.spec.ts; .superpowers/sdd/2026-10-01-wukong-opakcellar-fixes/a-review-real-db-green.log; tests/e2e/opak-maintenance-intake.spec.ts; tests/e2e/bulk-update-pilot.spec.ts; node_modules/.opak-evidence/t03-maintenance-20-final.log","A: A ledger; exact individual browser head not restated; B: a181cda3d163b2f8825bef1582839a99aca96429","59d1e03 (parent-reported current E prefix; full SHA not supplied; correction/testing in progress; final E head unknown)","bb4c71b7bc95fdb5e9ccddf71ade11a4f5da268976f4343f84c1391b9b46036b","Verify deployed schema and authenticated actual list.","59d1e03 (parent-reported current E prefix; full SHA not supplied; correction/testing in progress; final E head unknown)","PR125 remote CI failed full integration: new migration 0053 child-FK supporting index missing. Correction/testing in progress; final E benchmark v2 and final E head PENDING. Recorded v1 local results do not certify this release.","Parent-reported old D against 0053 compatibility 3/3 GREEN: private F100 service copy plus owned/foreign listing detail. Code compatibility only; not a new F13 browser pass, full migration/release pass or performance measurement. Exact run head/log path not supplied."
"UC05","Leading-zero SKU search","operator","本次通過","L","Exact synthetic SKU identifies one intended product and retains lexical zeroes.","D browser and actual owned-current-title/SKU SQL pass. Historical source counts and merchant identities are not fixtures.","LOCAL_VERIFIED_EXTERNAL_PENDING","PASS_D_QUERY_SCOPE","PASS_D12_PROJECTION","PASS_D11","PENDING_F13_000674_TO000693","N/A","PENDING_REAL_CATALOG","Synthetic loopback PostgreSQL 17; app role non-super/non-bypass/forced RLS; actual BetterAuth/Queue where recorded; fake AI/mock SHOPLINE/publishing disabled. No runtime opened by docs pass.","D;EP;FB","docs/superpowers/plans/2026-10-01-wukong-fix-status.md; tests/e2e/opak-account-assignment.spec.ts; tests/e2e/opak-admin-dirty.spec.ts; tests/e2e/opak-admin-workspace-switch.spec.ts; tests/e2e/opak-catalog-context.spec.ts; node_modules/.opak-evidence/t07-t09-browser-release.log; docs/runbooks/opak-performance-quality.md; node_modules/.opak-evidence/t10-baseline-full-v1.json; node_modules/.opak-evidence/t10-baseline-full-v1-source-manifest.json; tests/e2e/opak-maintenance.spec.ts; node_modules/.opak-evidence/t13-note.md; node_modules/.opak-evidence/t13-tsconfig.json","D: b8fe92a3273841dd2a7857905f9ac796cc5200fa; EP: 96e612e06a6faa0b8b54e9b1220a852c2469a4fb (baseline only); FB: UNCOMMITTED_F13_SOURCE; SHA256 metadata separate","59d1e03 (parent-reported current E prefix; full SHA not supplied; correction/testing in progress; final E head unknown)","bb4c71b7bc95fdb5e9ccddf71ade11a4f5da268976f4343f84c1391b9b46036b","Fresh synthetic cohort pending; real merchant search unverified.","59d1e03 (parent-reported current E prefix; full SHA not supplied; correction/testing in progress; final E head unknown)","PR125 remote CI failed full integration: new migration 0053 child-FK supporting index missing. Correction/testing in progress; final E benchmark v2 and final E head PENDING. Recorded v1 local results do not certify this release.","Parent-reported old D against 0053 compatibility 3/3 GREEN: private F100 service copy plus owned/foreign listing detail. Code compatibility only; not a new F13 browser pass, full migration/release pass or performance measurement. Exact run head/log path not supplied."
"UC06","Reference to maintained draft","operator/admin","受阻：現有 520 筆僅參考，SHOPLINE 未連接","L/C","Twenty existing synthetic products retain remote ID/SKU/source receipt and editable draft binding.","B actual 20-product XLSX/manual-review/replay journey passed. F13 adds locked human title/facts plus seven-field real Queue generation of 20 products, pending.","LOCAL_PARTIAL_F13_PENDING","PASS_B59_B39_SCOPE","PASS_B16_B8_B9_SCOPE","PASS_B20_MANUAL","PENDING_F13_20_QUEUE","N/A","PENDING_REAL_STORE_IDENTITY","Synthetic loopback PostgreSQL 17; app role non-super/non-bypass/forced RLS; actual BetterAuth/Queue where recorded; fake AI/mock SHOPLINE/publishing disabled. No runtime opened by docs pass.","B;FB","docs/superpowers/plans/2026-10-01-wukong-fix-status.md; tests/e2e/opak-maintenance-intake.spec.ts; tests/e2e/bulk-update-pilot.spec.ts; node_modules/.opak-evidence/t03-maintenance-20-final.log; tests/e2e/opak-maintenance.spec.ts; node_modules/.opak-evidence/t13-note.md; node_modules/.opak-evidence/t13-tsconfig.json","B: a181cda3d163b2f8825bef1582839a99aca96429; FB: UNCOMMITTED_F13_SOURCE; SHA256 metadata separate","59d1e03 (parent-reported current E prefix; full SHA not supplied; correction/testing in progress; final E head unknown)","bb4c71b7bc95fdb5e9ccddf71ade11a4f5da268976f4343f84c1391b9b46036b","Execute composed F13; actual merchant connection/import acceptance open.","59d1e03 (parent-reported current E prefix; full SHA not supplied; correction/testing in progress; final E head unknown)","PR125 remote CI failed full integration: new migration 0053 child-FK supporting index missing. Correction/testing in progress; final E benchmark v2 and final E head PENDING. Recorded v1 local results do not certify this release.","Parent-reported old D against 0053 compatibility 3/3 GREEN: private F100 service copy plus owned/foreign listing detail. Code compatibility only; not a new F13 browser pass, full migration/release pass or performance measurement. Exact run head/log path not supplied."
"UC07","Import replay/new source","operator","待 staging 驗證","C","Same bytes replay without duplicates/freshness renewal; new source preserves immutable history and invalidates approval.","B replay/CAS and 20-product browser replay pass. F actual PG reimports only rejected 2, invalidates their approvals and retains A receipt/artifact.","LOCAL_VERIFIED_EXTERNAL_PENDING","PASS_B_FS_REPLAY_SCOPE","PASS_B9_FS5_SCOPE","PASS_B20_REPLAY","PENDING_F13_COMPOSITION","N/A","PENDING_MERCHANT_IMPORT","Synthetic loopback PostgreSQL 17; app role non-super/non-bypass/forced RLS; actual BetterAuth/Queue where recorded; fake AI/mock SHOPLINE/publishing disabled. No runtime opened by docs pass.","B;FS;FB","docs/superpowers/plans/2026-10-01-wukong-fix-status.md; tests/e2e/opak-maintenance-intake.spec.ts; tests/e2e/bulk-update-pilot.spec.ts; node_modules/.opak-evidence/t03-maintenance-20-final.log; apps/web/lib/bulk-export-service.test.ts; apps/web/lib/delivery-service.review-fix.test.ts; apps/web/app/api/listings/export/delivery-lineage.integration.test.ts; apps/web/app/api/listings/export/source-binding.integration.test.ts; packages/db/src/repositories/import-results.test.ts; node_modules/.opak-evidence/t12-note.md; tests/e2e/opak-maintenance.spec.ts; node_modules/.opak-evidence/t13-note.md; node_modules/.opak-evidence/t13-tsconfig.json","B: a181cda3d163b2f8825bef1582839a99aca96429; FS: UNCOMMITTED_F_SOURCE on documentation head; no compiled/CI claim; FB: UNCOMMITTED_F13_SOURCE; SHA256 metadata separate","59d1e03 (parent-reported current E prefix; full SHA not supplied; correction/testing in progress; final E head unknown)","bb4c71b7bc95fdb5e9ccddf71ade11a4f5da268976f4343f84c1391b9b46036b","Merchant supplied-source replay and acceptance remain unverified.","59d1e03 (parent-reported current E prefix; full SHA not supplied; correction/testing in progress; final E head unknown)","PR125 remote CI failed full integration: new migration 0053 child-FK supporting index missing. Correction/testing in progress; final E benchmark v2 and final E head PENDING. Recorded v1 local results do not certify this release.","Parent-reported old D against 0053 compatibility 3/3 GREEN: private F100 service copy plus owned/foreign listing detail. Code compatibility only; not a new F13 browser pass, full migration/release pass or performance measurement. Exact run head/log path not supplied."
"UC08","Masked XLSX cells","reviewer","待 staging 驗證","C","Only selected allowed copy changes; identifiers/price/stock/order retain exact cells; quantity delta does not replay.","F units/actual PG independently inspect 71 positions for nameZh-only export, including lexical zeros/price/newlines. Bulk and single bulk_form require mask plus reviewed hash. New browser pending.","LOCAL_VERIFIED_F13_PENDING","PASS_FS201_SCOPE","PASS_FS5_CELLS","PARTIAL_C_PRIOR_EXPORT","PENDING_F13_5_CELL_COMPARE","N/A","PENDING_MERCHANT_CELL_DIFF","Synthetic loopback PostgreSQL 17; app role non-super/non-bypass/forced RLS; actual BetterAuth/Queue where recorded; fake AI/mock SHOPLINE/publishing disabled. No runtime opened by docs pass.","FS;C;FB","docs/superpowers/plans/2026-10-01-wukong-fix-status.md; apps/web/lib/bulk-export-service.test.ts; apps/web/lib/delivery-service.review-fix.test.ts; apps/web/app/api/listings/export/delivery-lineage.integration.test.ts; apps/web/app/api/listings/export/source-binding.integration.test.ts; packages/db/src/repositories/import-results.test.ts; node_modules/.opak-evidence/t12-note.md; packages/db/src/repositories/maintenance-content.integration.test.ts; packages/db/src/repositories/maintenance-recovery.integration.test.ts; apps/worker/src/listing-operation-pipeline.test.ts; tests/e2e/opak-current-content-batches.spec.ts; node_modules/.opak-evidence/t06-final-browser.log; node_modules/.opak-evidence/t06-final-50-control.log; tests/e2e/opak-maintenance.spec.ts; node_modules/.opak-evidence/t13-note.md; node_modules/.opak-evidence/t13-tsconfig.json","FS: UNCOMMITTED_F_SOURCE on documentation head; no compiled/CI claim; C: ee26897fdd2728b685ec224c82e50ce4699353db; FB: UNCOMMITTED_F13_SOURCE; SHA256 metadata separate","59d1e03 (parent-reported current E prefix; full SHA not supplied; correction/testing in progress; final E head unknown)","bb4c71b7bc95fdb5e9ccddf71ade11a4f5da268976f4343f84c1391b9b46036b","Execute new masked browser; actual upload/current snapshot remains external.","59d1e03 (parent-reported current E prefix; full SHA not supplied; correction/testing in progress; final E head unknown)","PR125 remote CI failed full integration: new migration 0053 child-FK supporting index missing. Correction/testing in progress; final E benchmark v2 and final E head PENDING. Recorded v1 local results do not certify this release.","Parent-reported old D against 0053 compatibility 3/3 GREEN: private F100 service copy plus owned/foreign listing detail. Code compatibility only; not a new F13 browser pass, full migration/release pass or performance measurement. Exact run head/log path not supplied."
"UC09","Vintage identity","operator","待 live AI；詳情流程受阻","fixture","Wrong-vintage evidence is excluded and conflict remains visible.","AI01 synthetic schema/witness mapping ran with zero provider requests/not_evaluated. Intake identity blockers exist; no current provider or human factual verdict.","BLOCKED_LIVE_MANUAL","PARTIAL_EA_B_IDENTITY","NOT_RUN_MODEL_IDENTITY","NOT_RUN_AI_QUALITY","N/A_NEW_F13","BLOCKED_AUTH","PENDING_HUMAN_SOURCE_REVIEW","Synthetic loopback PostgreSQL 17; app role non-super/non-bypass/forced RLS; actual BetterAuth/Queue where recorded; fake AI/mock SHOPLINE/publishing disabled. No runtime opened by docs pass.","EA;B","docs/superpowers/plans/2026-10-01-wukong-fix-status.md; packages/ai/fixtures/opak-maintenance-v1.json; packages/ai/scripts/opak-maintenance-fixtures.test.ts; packages/ai/scripts/opak-maintenance-live.test.ts; node_modules/.opak-evidence/e-ai-cli-synthetic-root-v2.json; tests/e2e/opak-maintenance-intake.spec.ts; tests/e2e/bulk-update-pilot.spec.ts; node_modules/.opak-evidence/t03-maintenance-20-final.log","EA: 6ccfd0ecc2b1e09269e7a41abe64f9ffd10d4805 (parent-reported pure-E gates; compiled runtime 9b5c7d19); B: a181cda3d163b2f8825bef1582839a99aca96429","59d1e03 (parent-reported current E prefix; full SHA not supplied; correction/testing in progress; final E head unknown)","bb4c71b7bc95fdb5e9ccddf71ade11a4f5da268976f4343f84c1391b9b46036b","Authorized bounded live evaluation plus human source grounding required.","59d1e03 (parent-reported current E prefix; full SHA not supplied; correction/testing in progress; final E head unknown)","PR125 remote CI failed full integration: new migration 0053 child-FK supporting index missing. Correction/testing in progress; final E benchmark v2 and final E head PENDING. Recorded v1 local results do not certify this release.","Parent-reported old D against 0053 compatibility 3/3 GREEN: private F100 service copy plus owned/foreign listing detail. Code compatibility only; not a new F13 browser pass, full migration/release pass or performance measurement. Exact run head/log path not supplied."
"UC10","NV/publication year","operator","待 live AI","fixture","Explicit non-vintage stays unknown/NV rather than adopting publication year.","AI02 synthetic mapping is exercised; dry output not_evaluated. No real model/human verdict exists.","BLOCKED_LIVE_MANUAL","PARTIAL_EA_INVARIANTS","NOT_RUN_MODEL_SEMANTICS","NOT_RUN_AI_QUALITY","N/A_NEW_F13","BLOCKED_AUTH","PENDING_HUMAN_SOURCE_REVIEW","Synthetic loopback PostgreSQL 17; app role non-super/non-bypass/forced RLS; actual BetterAuth/Queue where recorded; fake AI/mock SHOPLINE/publishing disabled. No runtime opened by docs pass.","EA","docs/superpowers/plans/2026-10-01-wukong-fix-status.md; packages/ai/fixtures/opak-maintenance-v1.json; packages/ai/scripts/opak-maintenance-fixtures.test.ts; packages/ai/scripts/opak-maintenance-live.test.ts; node_modules/.opak-evidence/e-ai-cli-synthetic-root-v2.json","EA: 6ccfd0ecc2b1e09269e7a41abe64f9ffd10d4805 (parent-reported pure-E gates; compiled runtime 9b5c7d19)","59d1e03 (parent-reported current E prefix; full SHA not supplied; correction/testing in progress; final E head unknown)","bb4c71b7bc95fdb5e9ccddf71ade11a4f5da268976f4343f84c1391b9b46036b","Live factual evaluation and human grading pending.","59d1e03 (parent-reported current E prefix; full SHA not supplied; correction/testing in progress; final E head unknown)","PR125 remote CI failed full integration: new migration 0053 child-FK supporting index missing. Correction/testing in progress; final E benchmark v2 and final E head PENDING. Recorded v1 local results do not certify this release.","Parent-reported old D against 0053 compatibility 3/3 GREEN: private F100 service copy plus owned/foreign listing detail. Code compatibility only; not a new F13 browser pass, full migration/release pass or performance measurement. Exact run head/log path not supplied."
"UC11","Age/edition/vintage","operator","待 live AI","fixture","Spirit age/edition is distinguished from wine vintage without invented facts.","AI03 synthetic known-invariant mapping exists; zero-provider dry run does not test current model extraction.","BLOCKED_LIVE_MANUAL","PARTIAL_EA_INVARIANTS","NOT_RUN_MODEL_SEMANTICS","NOT_RUN_AI_QUALITY","N/A_NEW_F13","BLOCKED_AUTH","PENDING_HUMAN_SOURCE_REVIEW","Synthetic loopback PostgreSQL 17; app role non-super/non-bypass/forced RLS; actual BetterAuth/Queue where recorded; fake AI/mock SHOPLINE/publishing disabled. No runtime opened by docs pass.","EA","docs/superpowers/plans/2026-10-01-wukong-fix-status.md; packages/ai/fixtures/opak-maintenance-v1.json; packages/ai/scripts/opak-maintenance-fixtures.test.ts; packages/ai/scripts/opak-maintenance-live.test.ts; node_modules/.opak-evidence/e-ai-cli-synthetic-root-v2.json","EA: 6ccfd0ecc2b1e09269e7a41abe64f9ffd10d4805 (parent-reported pure-E gates; compiled runtime 9b5c7d19)","59d1e03 (parent-reported current E prefix; full SHA not supplied; correction/testing in progress; final E head unknown)","bb4c71b7bc95fdb5e9ccddf71ade11a4f5da268976f4343f84c1391b9b46036b","Live extraction/source verification pending.","59d1e03 (parent-reported current E prefix; full SHA not supplied; correction/testing in progress; final E head unknown)","PR125 remote CI failed full integration: new migration 0053 child-FK supporting index missing. Correction/testing in progress; final E benchmark v2 and final E head PENDING. Recorded v1 local results do not certify this release.","Parent-reported old D against 0053 compatibility 3/3 GREEN: private F100 service copy plus owned/foreign listing detail. Code compatibility only; not a new F13 browser pass, full migration/release pass or performance measurement. Exact run head/log path not supplied."
"UC12","Units and decimal alcohol","operator","待 live AI；正規化已有單元測試","fixture/C","Observed units normalize while original evidence is retained.","AI04 dry witness/schema coverage is deterministic only. It is not measured provider extraction or human source accuracy.","BLOCKED_LIVE_MANUAL","PARTIAL_EA_NORMALIZATION","NOT_RUN_MODEL_EXTRACTION","NOT_RUN_AI_QUALITY","N/A_NEW_F13","BLOCKED_AUTH","PENDING_HUMAN_SOURCE_REVIEW","Synthetic loopback PostgreSQL 17; app role non-super/non-bypass/forced RLS; actual BetterAuth/Queue where recorded; fake AI/mock SHOPLINE/publishing disabled. No runtime opened by docs pass.","EA","docs/superpowers/plans/2026-10-01-wukong-fix-status.md; packages/ai/fixtures/opak-maintenance-v1.json; packages/ai/scripts/opak-maintenance-fixtures.test.ts; packages/ai/scripts/opak-maintenance-live.test.ts; node_modules/.opak-evidence/e-ai-cli-synthetic-root-v2.json","EA: 6ccfd0ecc2b1e09269e7a41abe64f9ffd10d4805 (parent-reported pure-E gates; compiled runtime 9b5c7d19)","59d1e03 (parent-reported current E prefix; full SHA not supplied; correction/testing in progress; final E head unknown)","bb4c71b7bc95fdb5e9ccddf71ade11a4f5da268976f4343f84c1391b9b46036b","Evaluate actual provider output and original-unit grounding.","59d1e03 (parent-reported current E prefix; full SHA not supplied; correction/testing in progress; final E head unknown)","PR125 remote CI failed full integration: new migration 0053 child-FK supporting index missing. Correction/testing in progress; final E benchmark v2 and final E head PENDING. Recorded v1 local results do not certify this release.","Parent-reported old D against 0053 compatibility 3/3 GREEN: private F100 service copy plus owned/foreign listing detail. Code compatibility only; not a new F13 browser pass, full migration/release pass or performance measurement. Exact run head/log path not supplied."
"UC13","Polishing ratio/alcohol","operator","待 live AI","fixture","Missing alcohol stays unknown; polishing ratio and capacity variants are not confused.","AI05 adapter preserves partial facts/unknowns. Live extraction/source matching not evaluated.","BLOCKED_LIVE_MANUAL","PARTIAL_EA_UNKNOWNS","NOT_RUN_MODEL_SEMANTICS","NOT_RUN_AI_QUALITY","N/A_NEW_F13","BLOCKED_AUTH","PENDING_HUMAN_SOURCE_REVIEW","Synthetic loopback PostgreSQL 17; app role non-super/non-bypass/forced RLS; actual BetterAuth/Queue where recorded; fake AI/mock SHOPLINE/publishing disabled. No runtime opened by docs pass.","EA","docs/superpowers/plans/2026-10-01-wukong-fix-status.md; packages/ai/fixtures/opak-maintenance-v1.json; packages/ai/scripts/opak-maintenance-fixtures.test.ts; packages/ai/scripts/opak-maintenance-live.test.ts; node_modules/.opak-evidence/e-ai-cli-synthetic-root-v2.json","EA: 6ccfd0ecc2b1e09269e7a41abe64f9ffd10d4805 (parent-reported pure-E gates; compiled runtime 9b5c7d19)","59d1e03 (parent-reported current E prefix; full SHA not supplied; correction/testing in progress; final E head unknown)","bb4c71b7bc95fdb5e9ccddf71ade11a4f5da268976f4343f84c1391b9b46036b","Live extraction and human identity review pending.","59d1e03 (parent-reported current E prefix; full SHA not supplied; correction/testing in progress; final E head unknown)","PR125 remote CI failed full integration: new migration 0053 child-FK supporting index missing. Correction/testing in progress; final E benchmark v2 and final E head PENDING. Recorded v1 local results do not certify this release.","Parent-reported old D against 0053 compatibility 3/3 GREEN: private F100 service copy plus owned/foreign listing detail. Code compatibility only; not a new F13 browser pass, full migration/release pass or performance measurement. Exact run head/log path not supplied."
"UC14","Six-pack preservation","operator","待 live AI","fixture","Pack identity and per-bottle volume remain separate; protected price/stock stay unchanged.","B identity/import and C fake-worker controls preserve observed/human pack facts. F13 pack quantity 6 lock/preservation pending. AI06 live single-pack/source discrimination is not evaluated.","LOCAL_PARTIAL_LIVE_BLOCKED","PASS_B_C_PARTIAL_EA","PASS_B_C_FACT_SCOPE","PASS_C_FAKE_PRESERVATION","PENDING_F13_PACK6_LOCK","BLOCKED_AUTH","PENDING_HUMAN_PACK_IDENTITY","Synthetic loopback PostgreSQL 17; app role non-super/non-bypass/forced RLS; actual BetterAuth/Queue where recorded; fake AI/mock SHOPLINE/publishing disabled. No runtime opened by docs pass.","B;C;EA;FB","docs/superpowers/plans/2026-10-01-wukong-fix-status.md; tests/e2e/opak-maintenance-intake.spec.ts; tests/e2e/bulk-update-pilot.spec.ts; node_modules/.opak-evidence/t03-maintenance-20-final.log; packages/db/src/repositories/maintenance-content.integration.test.ts; packages/db/src/repositories/maintenance-recovery.integration.test.ts; apps/worker/src/listing-operation-pipeline.test.ts; tests/e2e/opak-current-content-batches.spec.ts; node_modules/.opak-evidence/t06-final-browser.log; node_modules/.opak-evidence/t06-final-50-control.log; packages/ai/fixtures/opak-maintenance-v1.json; packages/ai/scripts/opak-maintenance-fixtures.test.ts; packages/ai/scripts/opak-maintenance-live.test.ts; node_modules/.opak-evidence/e-ai-cli-synthetic-root-v2.json; tests/e2e/opak-maintenance.spec.ts; node_modules/.opak-evidence/t13-note.md; node_modules/.opak-evidence/t13-tsconfig.json","B: a181cda3d163b2f8825bef1582839a99aca96429; C: ee26897fdd2728b685ec224c82e50ce4699353db; EA: 6ccfd0ecc2b1e09269e7a41abe64f9ffd10d4805 (parent-reported pure-E gates; compiled runtime 9b5c7d19); FB: UNCOMMITTED_F13_SOURCE; SHA256 metadata separate","59d1e03 (parent-reported current E prefix; full SHA not supplied; correction/testing in progress; final E head unknown)","bb4c71b7bc95fdb5e9ccddf71ade11a4f5da268976f4343f84c1391b9b46036b","Execute F13 preservation; live identity/commercial acceptance open.","59d1e03 (parent-reported current E prefix; full SHA not supplied; correction/testing in progress; final E head unknown)","PR125 remote CI failed full integration: new migration 0053 child-FK supporting index missing. Correction/testing in progress; final E benchmark v2 and final E head PENDING. Recorded v1 local results do not certify this release.","Parent-reported old D against 0053 compatibility 3/3 GREEN: private F100 service copy plus owned/foreign listing detail. Code compatibility only; not a new F13 browser pass, full migration/release pass or performance measurement. Exact run head/log path not supplied."
"UC15","Wrong-identity rating","operator/reviewer","待 live AI","fixture","Unsupported rating for another variant/vintage is not asserted for the current product.","AI07 remains holdout. Dry invariants/source binding checked without provider; no live entailment or human claim verdict.","BLOCKED_LIVE_MANUAL","PARTIAL_EA_HOLDOUT","NOT_RUN_CLAIM_ENTAILMENT","NOT_RUN_AI_QUALITY","N/A_NEW_F13","BLOCKED_AUTH","PENDING_HUMAN_CLAIM_REVIEW","Synthetic loopback PostgreSQL 17; app role non-super/non-bypass/forced RLS; actual BetterAuth/Queue where recorded; fake AI/mock SHOPLINE/publishing disabled. No runtime opened by docs pass.","EA","docs/superpowers/plans/2026-10-01-wukong-fix-status.md; packages/ai/fixtures/opak-maintenance-v1.json; packages/ai/scripts/opak-maintenance-fixtures.test.ts; packages/ai/scripts/opak-maintenance-live.test.ts; node_modules/.opak-evidence/e-ai-cli-synthetic-root-v2.json","EA: 6ccfd0ecc2b1e09269e7a41abe64f9ffd10d4805 (parent-reported pure-E gates; compiled runtime 9b5c7d19)","59d1e03 (parent-reported current E prefix; full SHA not supplied; correction/testing in progress; final E head unknown)","bb4c71b7bc95fdb5e9ccddf71ade11a4f5da268976f4343f84c1391b9b46036b","Freeze prompts/policy, then authorized holdout plus human grading.","59d1e03 (parent-reported current E prefix; full SHA not supplied; correction/testing in progress; final E head unknown)","PR125 remote CI failed full integration: new migration 0053 child-FK supporting index missing. Correction/testing in progress; final E benchmark v2 and final E head PENDING. Recorded v1 local results do not certify this release.","Parent-reported old D against 0053 compatibility 3/3 GREEN: private F100 service copy plus owned/foreign listing detail. Code compatibility only; not a new F13 browser pass, full migration/release pass or performance measurement. Exact run head/log path not supplied."
"UC16","Untrusted source instructions","operator","待 live AI","fixture","Source cannot authorize protected-fact edits or invented claims.","C trusted-input/mask/lock controls and E AI08 deterministic checks pass locally. Real-model injection resistance and complete language safety are ungraded.","LOCAL_PARTIAL_LIVE_BLOCKED","PASS_C_PARTIAL_EA","PASS_C_ADOPTION_SCOPE","NOT_RUN_LIVE_INJECTION","N/A_NEW_F13","BLOCKED_AUTH","PENDING_HUMAN_SAFETY_REVIEW","Synthetic loopback PostgreSQL 17; app role non-super/non-bypass/forced RLS; actual BetterAuth/Queue where recorded; fake AI/mock SHOPLINE/publishing disabled. No runtime opened by docs pass.","C;EA","docs/superpowers/plans/2026-10-01-wukong-fix-status.md; packages/db/src/repositories/maintenance-content.integration.test.ts; packages/db/src/repositories/maintenance-recovery.integration.test.ts; apps/worker/src/listing-operation-pipeline.test.ts; tests/e2e/opak-current-content-batches.spec.ts; node_modules/.opak-evidence/t06-final-browser.log; node_modules/.opak-evidence/t06-final-50-control.log; packages/ai/fixtures/opak-maintenance-v1.json; packages/ai/scripts/opak-maintenance-fixtures.test.ts; packages/ai/scripts/opak-maintenance-live.test.ts; node_modules/.opak-evidence/e-ai-cli-synthetic-root-v2.json","C: ee26897fdd2728b685ec224c82e50ce4699353db; EA: 6ccfd0ecc2b1e09269e7a41abe64f9ffd10d4805 (parent-reported pure-E gates; compiled runtime 9b5c7d19)","59d1e03 (parent-reported current E prefix; full SHA not supplied; correction/testing in progress; final E head unknown)","bb4c71b7bc95fdb5e9ccddf71ade11a4f5da268976f4343f84c1391b9b46036b","Provider evaluation and manual source/output review required.","59d1e03 (parent-reported current E prefix; full SHA not supplied; correction/testing in progress; final E head unknown)","PR125 remote CI failed full integration: new migration 0053 child-FK supporting index missing. Correction/testing in progress; final E benchmark v2 and final E head PENDING. Recorded v1 local results do not certify this release.","Parent-reported old D against 0053 compatibility 3/3 GREEN: private F100 service copy plus owned/foreign listing detail. Code compatibility only; not a new F13 browser pass, full migration/release pass or performance measurement. Exact run head/log path not supplied."
"UC17","Low-resolution media/missing facts","operator","待 live AI／真實圖片","fixture","Supported values remain; unknowns need human action; unreadable media cannot imply success.","AI09 blocked without authorized low-resolution image. Deterministic missing-fact/intake behavior is not image-recognition evidence.","BLOCKED_MEDIA_LIVE_MANUAL","PARTIAL_EA_MISSING_FACTS","NOT_RUN_IMAGE_ACCEPTANCE","NOT_RUN_IMAGE_ACCEPTANCE","N/A_NEW_F13","BLOCKED_AUTHORIZED_IMAGE","PENDING_MEDIA_HUMAN_REVIEW","Synthetic loopback PostgreSQL 17; app role non-super/non-bypass/forced RLS; actual BetterAuth/Queue where recorded; fake AI/mock SHOPLINE/publishing disabled. No runtime opened by docs pass.","EA;B","docs/superpowers/plans/2026-10-01-wukong-fix-status.md; packages/ai/fixtures/opak-maintenance-v1.json; packages/ai/scripts/opak-maintenance-fixtures.test.ts; packages/ai/scripts/opak-maintenance-live.test.ts; node_modules/.opak-evidence/e-ai-cli-synthetic-root-v2.json; tests/e2e/opak-maintenance-intake.spec.ts; tests/e2e/bulk-update-pilot.spec.ts; node_modules/.opak-evidence/t03-maintenance-20-final.log","EA: 6ccfd0ecc2b1e09269e7a41abe64f9ffd10d4805 (parent-reported pure-E gates; compiled runtime 9b5c7d19); B: a181cda3d163b2f8825bef1582839a99aca96429","59d1e03 (parent-reported current E prefix; full SHA not supplied; correction/testing in progress; final E head unknown)","bb4c71b7bc95fdb5e9ccddf71ade11a4f5da268976f4343f84c1391b9b46036b","Authorized actual image and bounded live/human acceptance pending.","59d1e03 (parent-reported current E prefix; full SHA not supplied; correction/testing in progress; final E head unknown)","PR125 remote CI failed full integration: new migration 0053 child-FK supporting index missing. Correction/testing in progress; final E benchmark v2 and final E head PENDING. Recorded v1 local results do not certify this release.","Parent-reported old D against 0053 compatibility 3/3 GREEN: private F100 service copy plus owned/foreign listing detail. Code compatibility only; not a new F13 browser pass, full migration/release pass or performance measurement. Exact run head/log path not supplied."
"UC18","Late human edit/adoption fence","operator","待 staging／live AI","fixture/C","Locked human facts survive late output; stale source/input cannot replace current work.","C worker suite (23 tests) includes 10 fake generations/five late human corrections; actual PG rejects source-only stale retry/adoption. F13 locked title/facts for 20 products journey pending. AI10 is service/worker scope, not one-prompt live quality.","LOCAL_VERIFIED_LIVE_UNGRADED","PASS_C23_SCOPE","PASS_C_SOURCE_RECOVERY","PASS_C_PARTIAL_ADOPTION","PENDING_F13_TITLE_FACT_LOCK","BLOCKED_AUTH","PENDING_HUMAN_REAL_OUTPUT","Synthetic loopback PostgreSQL 17; app role non-super/non-bypass/forced RLS; actual BetterAuth/Queue where recorded; fake AI/mock SHOPLINE/publishing disabled. No runtime opened by docs pass.","C;EA;FB","docs/superpowers/plans/2026-10-01-wukong-fix-status.md; packages/db/src/repositories/maintenance-content.integration.test.ts; packages/db/src/repositories/maintenance-recovery.integration.test.ts; apps/worker/src/listing-operation-pipeline.test.ts; tests/e2e/opak-current-content-batches.spec.ts; node_modules/.opak-evidence/t06-final-browser.log; node_modules/.opak-evidence/t06-final-50-control.log; packages/ai/fixtures/opak-maintenance-v1.json; packages/ai/scripts/opak-maintenance-fixtures.test.ts; packages/ai/scripts/opak-maintenance-live.test.ts; node_modules/.opak-evidence/e-ai-cli-synthetic-root-v2.json; tests/e2e/opak-maintenance.spec.ts; node_modules/.opak-evidence/t13-note.md; node_modules/.opak-evidence/t13-tsconfig.json","C: ee26897fdd2728b685ec224c82e50ce4699353db; EA: 6ccfd0ecc2b1e09269e7a41abe64f9ffd10d4805 (parent-reported pure-E gates; compiled runtime 9b5c7d19); FB: UNCOMMITTED_F13_SOURCE; SHA256 metadata separate","59d1e03 (parent-reported current E prefix; full SHA not supplied; correction/testing in progress; final E head unknown)","bb4c71b7bc95fdb5e9ccddf71ade11a4f5da268976f4343f84c1391b9b46036b","Execute composed F13; provider quality remains separately ungraded.","59d1e03 (parent-reported current E prefix; full SHA not supplied; correction/testing in progress; final E head unknown)","PR125 remote CI failed full integration: new migration 0053 child-FK supporting index missing. Correction/testing in progress; final E benchmark v2 and final E head PENDING. Recorded v1 local results do not certify this release.","Parent-reported old D against 0053 compatibility 3/3 GREEN: private F100 service copy plus owned/foreign listing detail. Code compatibility only; not a new F13 browser pass, full migration/release pass or performance measurement. Exact run head/log path not supplied."
"UC19","Bilingual factual consistency","reviewer","待 live AI","fixture","Both languages agree on supported facts without invented certifications.","AI11 holdout/deterministic coverage exists. Fake output/equal proper names do not establish bilingual quality; human scores absent.","BLOCKED_LIVE_MANUAL","PARTIAL_EA_HOLDOUT","NOT_RUN_BILINGUAL_GRADING","NOT_RUN_AI_QUALITY","N/A_NEW_F13","BLOCKED_AUTH","PENDING_HUMAN_BILINGUAL","Synthetic loopback PostgreSQL 17; app role non-super/non-bypass/forced RLS; actual BetterAuth/Queue where recorded; fake AI/mock SHOPLINE/publishing disabled. No runtime opened by docs pass.","EA","docs/superpowers/plans/2026-10-01-wukong-fix-status.md; packages/ai/fixtures/opak-maintenance-v1.json; packages/ai/scripts/opak-maintenance-fixtures.test.ts; packages/ai/scripts/opak-maintenance-live.test.ts; node_modules/.opak-evidence/e-ai-cli-synthetic-root-v2.json","EA: 6ccfd0ecc2b1e09269e7a41abe64f9ffd10d4805 (parent-reported pure-E gates; compiled runtime 9b5c7d19)","59d1e03 (parent-reported current E prefix; full SHA not supplied; correction/testing in progress; final E head unknown)","bb4c71b7bc95fdb5e9ccddf71ade11a4f5da268976f4343f84c1391b9b46036b","Authorized holdout plus independent bilingual human grading required.","59d1e03 (parent-reported current E prefix; full SHA not supplied; correction/testing in progress; final E head unknown)","PR125 remote CI failed full integration: new migration 0053 child-FK supporting index missing. Correction/testing in progress; final E benchmark v2 and final E head PENDING. Recorded v1 local results do not certify this release.","Parent-reported old D against 0053 compatibility 3/3 GREEN: private F100 service copy plus owned/foreign listing detail. Code compatibility only; not a new F13 browser pass, full migration/release pass or performance measurement. Exact run head/log path not supplied."
"UC20","Other product type","operator","待 staging／live AI","fixture/C","Other products cannot receive fabricated alcohol/vintage/tasting facts; restrictions are explicit.","AI12 synthetic mapping retains product type/unknowns. Full model other-product behavior and human delivery suitability ungraded.","BLOCKED_LIVE_MANUAL","PARTIAL_EA_OTHER_TYPE","NOT_RUN_OTHER_PRODUCT","NOT_RUN_OTHER_PRODUCT","N/A_NEW_F13","BLOCKED_AUTH","PENDING_HUMAN_PRODUCT_POLICY","Synthetic loopback PostgreSQL 17; app role non-super/non-bypass/forced RLS; actual BetterAuth/Queue where recorded; fake AI/mock SHOPLINE/publishing disabled. No runtime opened by docs pass.","EA","docs/superpowers/plans/2026-10-01-wukong-fix-status.md; packages/ai/fixtures/opak-maintenance-v1.json; packages/ai/scripts/opak-maintenance-fixtures.test.ts; packages/ai/scripts/opak-maintenance-live.test.ts; node_modules/.opak-evidence/e-ai-cli-synthetic-root-v2.json","EA: 6ccfd0ecc2b1e09269e7a41abe64f9ffd10d4805 (parent-reported pure-E gates; compiled runtime 9b5c7d19)","59d1e03 (parent-reported current E prefix; full SHA not supplied; correction/testing in progress; final E head unknown)","bb4c71b7bc95fdb5e9ccddf71ade11a4f5da268976f4343f84c1391b9b46036b","Provider/human acceptance and applicable delivery policy pending.","59d1e03 (parent-reported current E prefix; full SHA not supplied; correction/testing in progress; final E head unknown)","PR125 remote CI failed full integration: new migration 0053 child-FK supporting index missing. Correction/testing in progress; final E benchmark v2 and final E head PENDING. Recorded v1 local results do not certify this release.","Parent-reported old D against 0053 compatibility 3/3 GREEN: private F100 service copy plus owned/foreign listing detail. Code compatibility only; not a new F13 browser pass, full migration/release pass or performance measurement. Exact run head/log path not supplied."
"UC21","Current-content gaps","operator","原始碼確認存在舊 rawRow 選品風險；未執行批次","C","Owned current input/version, not stale imported raw copy, determines gaps/cohort admission.","C preview/current-content/worker PG passes with revision/source fences and cursor beyond 5000. E quality projection 20/20 and 43 contracts separate gaps/facts/current confirmation/live delivery. Pure-E browser 14/14 includes actual 25 of 28 assessed / 3 pending initially, then refresh reaches 28 and membership403 with zero cached metrics. This historical local proof remains separate from current E PR125 full-integration CI failure and pending 0053 supporting-index correction/final benchmark v2.","LOCAL_VERIFIED_F13_PENDING","PASS_C20_EQ43_SCOPE","PASS_C_EQ20_READ25","PASS_E14_QUALITY_AND_C","PENDING_F13","N/A","PENDING_REAL_CURRENT_REVIEW","Synthetic loopback PostgreSQL 17; app role non-super/non-bypass/forced RLS; actual BetterAuth/Queue where recorded; fake AI/mock SHOPLINE/publishing disabled. No runtime opened by docs pass.","C;EQ;FB","docs/superpowers/plans/2026-10-01-wukong-fix-status.md; packages/db/src/repositories/maintenance-content.integration.test.ts; packages/db/src/repositories/maintenance-recovery.integration.test.ts; apps/worker/src/listing-operation-pipeline.test.ts; tests/e2e/opak-current-content-batches.spec.ts; node_modules/.opak-evidence/t06-final-browser.log; node_modules/.opak-evidence/t06-final-50-control.log; packages/db/src/repositories/quality-projection.integration.test.ts; packages/db/src/repositories/quality-projection.test.ts; tests/e2e/opak-quality.spec.ts; node_modules/.opak-evidence/e-quality-ui-scope-green.log; tests/e2e/opak-maintenance.spec.ts; node_modules/.opak-evidence/t13-note.md; node_modules/.opak-evidence/t13-tsconfig.json; packages/db/src/repositories/workspace-reads.integration.test.ts","C: ee26897fdd2728b685ec224c82e50ce4699353db; EQ: 6ccfd0ecc2b1e09269e7a41abe64f9ffd10d4805 (parent-reported pure-E gates; compiled runtime 9b5c7d19); FB: UNCOMMITTED_F13_SOURCE; SHA256 metadata separate","59d1e03 (parent-reported current E prefix; full SHA not supplied; correction/testing in progress; final E head unknown)","bb4c71b7bc95fdb5e9ccddf71ade11a4f5da268976f4343f84c1391b9b46036b","F13 composed journey and real merchant current-content review open.","59d1e03 (parent-reported current E prefix; full SHA not supplied; correction/testing in progress; final E head unknown)","PR125 remote CI failed full integration: new migration 0053 child-FK supporting index missing. Correction/testing in progress; final E benchmark v2 and final E head PENDING. Recorded v1 local results do not certify this release.","Parent-reported old D against 0053 compatibility 3/3 GREEN: private F100 service copy plus owned/foreign listing detail. Code compatibility only; not a new F13 browser pass, full migration/release pass or performance measurement. Exact run head/log path not supplied."
"UC22","Cross-page selection/preview","reviewer","待 staging／reviewer","C","Given at least 100 qualified synthetic products, exactly five selections persist across pages/filters; changed scope/source requires a new preview.","C browser selected 2 + 3 across pages/filters from 28 products, preserving unselected/current values. F mask/hash authority checks and canonical actual 100-product service/worker PG 2/2 pass. New independent F13 browser source imports 100 synthetic products, selects all 100 unique IDs across four 25-row pages, and expects a nameZh-only preview with current input/source fences, actor/workspace digest scope and zero provider calls/admission. This third case is implemented and format/focused-type checked, but actual browser execution is PENDING.","LOCAL_PARTIAL_UI100_IMPLEMENTED_EXECUTION_PENDING","PASS_C_SELECTION_FS_MASK_F100_SERVICE2_SCOPE","PASS_C_PREVIEW_FS_LOCK_F100_SERVICE_PG_2","PASS_C5_FROM28","PENDING_F13_100_FOUR_PAGE_UI_PREVIEW","N/A","PENDING_REAL_SELECTION","Synthetic loopback PostgreSQL 17; app role non-super/non-bypass/forced RLS; actual BetterAuth/Queue where recorded; fake AI/mock SHOPLINE/publishing disabled. No runtime opened by docs pass.","C;FS;FB;F100","docs/superpowers/plans/2026-10-01-wukong-fix-status.md; packages/db/src/repositories/maintenance-content.integration.test.ts; packages/db/src/repositories/maintenance-recovery.integration.test.ts; apps/worker/src/listing-operation-pipeline.test.ts; tests/e2e/opak-current-content-batches.spec.ts; node_modules/.opak-evidence/t06-final-browser.log; node_modules/.opak-evidence/t06-final-50-control.log; apps/web/lib/bulk-export-service.test.ts; apps/web/lib/delivery-service.review-fix.test.ts; apps/web/app/api/listings/export/delivery-lineage.integration.test.ts; apps/web/app/api/listings/export/source-binding.integration.test.ts; packages/db/src/repositories/import-results.test.ts; node_modules/.opak-evidence/t12-note.md; tests/e2e/opak-maintenance.spec.ts; node_modules/.opak-evidence/t13-note.md; node_modules/.opak-evidence/t13-tsconfig.json; node_modules/.opak-evidence/f13-acceptance-note.md; node_modules/.opak-evidence/f13-acceptance-source-proof.json; apps/web/lib/opak-maintenance-acceptance.integration.test.ts","C: ee26897fdd2728b685ec224c82e50ce4699353db; FS: UNCOMMITTED_F_SOURCE on documentation head; no compiled/CI claim; FB: UNCOMMITTED_F13_SOURCE; SHA256 metadata separate; F100: UNCOMMITTED_F_SERVICE_SOURCE on E 6ccfd0ecc2b1e09269e7a41abe64f9ffd10d4805; actual isolated PG/service/worker 2/2 owner-reported; service/worker scope, distinct UC22 browser source PENDING","59d1e03 (parent-reported current E prefix; full SHA not supplied; correction/testing in progress; final E head unknown)","bb4c71b7bc95fdb5e9ccddf71ade11a4f5da268976f4343f84c1391b9b46036b","Execute the coordinated fresh-build F13 third case for 100-product/four-page UI selection and pure preview; keep original C five-selection-from-28 proof and canonical F100 service/worker proof separate.","59d1e03 (parent-reported current E prefix; full SHA not supplied; correction/testing in progress; final E head unknown)","PR125 remote CI failed full integration: new migration 0053 child-FK supporting index missing. Correction/testing in progress; final E benchmark v2 and final E head PENDING. Recorded v1 local results do not certify this release.","Parent-reported old D against 0053 compatibility 3/3 GREEN: private F100 service copy plus owned/foreign listing detail. Code compatibility only; not a new F13 browser pass, full migration/release pass or performance measurement. Exact run head/log path not supplied."
"UC23","Pause/failed-only retry","operator","待 staging","C","Retain successful work; retry only eligible failures; accepted external work is not falsely cancelled.","C actual PG covers 3 successes / 1 failure / 1 pending plus immutable retries; unchanged 50-item control 1/1 passed. Actual isolated PG/service/worker 100 acceptance passed 2/2 in 78.30s through production importer, batch/control and createCloudflareRuntime/runListingPipeline with fake transport: 100 imports, 101 immutable attempts, 99 current successes plus 1 retained unknown failure; paused 95 pending admits zero new runs; failed-only 1 retry and unknown-held denial retained. The distinct pending UC22 100-product browser case stops at preview and does not cover 100-item pause/retry UI.","LOCAL_SERVICE_WORKER_PG_VERIFIED_BROWSER_LIMIT","PASS_C27_F100_SERVICE2_SCOPE","PASS_C28_50_F100_ACTUAL_SERVICE_PG_2","PARTIAL_C6_SCOPE","N/A_F13_UI100_PREVIEW_ONLY_NOT_RECOVERY","N/A","PENDING_REAL_EXTERNAL_RECOVERY","Synthetic loopback PostgreSQL 17; app role non-super/non-bypass/forced RLS; actual BetterAuth/Queue where recorded; fake AI/mock SHOPLINE/publishing disabled. No runtime opened by docs pass.","C;F100","docs/superpowers/plans/2026-10-01-wukong-fix-status.md; packages/db/src/repositories/maintenance-content.integration.test.ts; packages/db/src/repositories/maintenance-recovery.integration.test.ts; apps/worker/src/listing-operation-pipeline.test.ts; tests/e2e/opak-current-content-batches.spec.ts; node_modules/.opak-evidence/t06-final-browser.log; node_modules/.opak-evidence/t06-final-50-control.log; node_modules/.opak-evidence/f13-acceptance-note.md; node_modules/.opak-evidence/f13-acceptance-source-proof.json; apps/web/lib/opak-maintenance-acceptance.integration.test.ts","C: ee26897fdd2728b685ec224c82e50ce4699353db; F100: UNCOMMITTED_F_SERVICE_SOURCE on E 6ccfd0ecc2b1e09269e7a41abe64f9ffd10d4805; actual isolated PG/service/worker 2/2 owner-reported; service/worker scope, distinct UC22 browser source PENDING","59d1e03 (parent-reported current E prefix; full SHA not supplied; correction/testing in progress; final E head unknown)","bb4c71b7bc95fdb5e9ccddf71ade11a4f5da268976f4343f84c1391b9b46036b","Actual service/worker acceptance is recorded. UC22 browser source remains pending and does not exercise 100-item recovery; real external recovery is a separately authorized gate.","59d1e03 (parent-reported current E prefix; full SHA not supplied; correction/testing in progress; final E head unknown)","PR125 remote CI failed full integration: new migration 0053 child-FK supporting index missing. Correction/testing in progress; final E benchmark v2 and final E head PENDING. Recorded v1 local results do not certify this release.","Parent-reported old D against 0053 compatibility 3/3 GREEN: private F100 service copy plus owned/foreign listing detail. Code compatibility only; not a new F13 browser pass, full migration/release pass or performance measurement. Exact run head/log path not supplied."
"UC24","Budget/unknown cost","admin/operator","待 staging；live顯示1次unknown","L/C","Admission ceilings act before calls; unknown outcomes retain hold and do not become zero.","C actual PG retained synthetic unknown USD 0.250000 until independent synthetic USD 0.125000 reconciliation. F100 actual PG/service/worker 2/2 retains 1 unknown failure/hold and refuses its retry. No real provider invoice/timeout receipt is certified.","LOCAL_VERIFIED_LIVE_BLOCKED","PASS_C_BUDGET_F100_SERVICE2_SCOPE","PASS_C_UNKNOWN_HOLD_F100_ACTUAL_PG2","NOT_RUN_REAL_PROVIDER_COST","N/A_F13_NO_LIVE_COST_INJECTION","BLOCKED_AUTH","PENDING_REAL_PROVIDER_RECEIPTS","Synthetic loopback PostgreSQL 17; app role non-super/non-bypass/forced RLS; actual BetterAuth/Queue where recorded; fake AI/mock SHOPLINE/publishing disabled. No runtime opened by docs pass.","C;EQ;F100","docs/superpowers/plans/2026-10-01-wukong-fix-status.md; packages/db/src/repositories/maintenance-content.integration.test.ts; packages/db/src/repositories/maintenance-recovery.integration.test.ts; apps/worker/src/listing-operation-pipeline.test.ts; tests/e2e/opak-current-content-batches.spec.ts; node_modules/.opak-evidence/t06-final-browser.log; node_modules/.opak-evidence/t06-final-50-control.log; packages/db/src/repositories/quality-projection.integration.test.ts; packages/db/src/repositories/quality-projection.test.ts; tests/e2e/opak-quality.spec.ts; node_modules/.opak-evidence/e-quality-ui-scope-green.log; node_modules/.opak-evidence/f13-acceptance-note.md; node_modules/.opak-evidence/f13-acceptance-source-proof.json; packages/db/src/repositories/workspace-reads.integration.test.ts; apps/web/lib/opak-maintenance-acceptance.integration.test.ts","C: ee26897fdd2728b685ec224c82e50ce4699353db; EQ: 6ccfd0ecc2b1e09269e7a41abe64f9ffd10d4805 (parent-reported pure-E gates; compiled runtime 9b5c7d19); F100: UNCOMMITTED_F_SERVICE_SOURCE on E 6ccfd0ecc2b1e09269e7a41abe64f9ffd10d4805; actual isolated PG/service/worker 2/2 owner-reported; service/worker scope, distinct UC22 browser source PENDING","59d1e03 (parent-reported current E prefix; full SHA not supplied; correction/testing in progress; final E head unknown)","bb4c71b7bc95fdb5e9ccddf71ade11a4f5da268976f4343f84c1391b9b46036b","Authorized live provider/billing reconciliation remains required.","59d1e03 (parent-reported current E prefix; full SHA not supplied; correction/testing in progress; final E head unknown)","PR125 remote CI failed full integration: new migration 0053 child-FK supporting index missing. Correction/testing in progress; final E benchmark v2 and final E head PENDING. Recorded v1 local results do not certify this release.","Parent-reported old D against 0053 compatibility 3/3 GREEN: private F100 service copy plus owned/foreign listing detail. Code compatibility only; not a new F13 browser pass, full migration/release pass or performance measurement. Exact run head/log path not supplied."
"UC25","Approval/export freshness","reviewer","待 staging／reviewer","C","Observed current version/input/source/checklist plus reviewer role bind approval; stale/operator export refused.","Existing authority and F PG cover locked preview recompute/source correction/current approval. F13 pending stale-checklist20 request expects19success/1fail then renewal1, exact audits and operator403.","LOCAL_VERIFIED_F13_PENDING","PASS_FS201_AUTHORITY_SCOPE","PASS_FS5_APPROVAL_SCOPE","PARTIAL_PRIOR_PILOT","PENDING_F13_19_PLUS1_403","N/A","PENDING_REAL_REVIEWER","Synthetic loopback PostgreSQL 17; app role non-super/non-bypass/forced RLS; actual BetterAuth/Queue where recorded; fake AI/mock SHOPLINE/publishing disabled. No runtime opened by docs pass.","FS;B;FB","docs/superpowers/plans/2026-10-01-wukong-fix-status.md; apps/web/lib/bulk-export-service.test.ts; apps/web/lib/delivery-service.review-fix.test.ts; apps/web/app/api/listings/export/delivery-lineage.integration.test.ts; apps/web/app/api/listings/export/source-binding.integration.test.ts; packages/db/src/repositories/import-results.test.ts; node_modules/.opak-evidence/t12-note.md; tests/e2e/opak-maintenance-intake.spec.ts; tests/e2e/bulk-update-pilot.spec.ts; node_modules/.opak-evidence/t03-maintenance-20-final.log; tests/e2e/opak-maintenance.spec.ts; node_modules/.opak-evidence/t13-note.md; node_modules/.opak-evidence/t13-tsconfig.json","FS: UNCOMMITTED_F_SOURCE on documentation head; no compiled/CI claim; B: a181cda3d163b2f8825bef1582839a99aca96429; FB: UNCOMMITTED_F13_SOURCE; SHA256 metadata separate","59d1e03 (parent-reported current E prefix; full SHA not supplied; correction/testing in progress; final E head unknown)","bb4c71b7bc95fdb5e9ccddf71ade11a4f5da268976f4343f84c1391b9b46036b","Execute partial-approval/role browser; merchant reviewer sign-off open.","59d1e03 (parent-reported current E prefix; full SHA not supplied; correction/testing in progress; final E head unknown)","PR125 remote CI failed full integration: new migration 0053 child-FK supporting index missing. Correction/testing in progress; final E benchmark v2 and final E head PENDING. Recorded v1 local results do not certify this release.","Parent-reported old D against 0053 compatibility 3/3 GREEN: private F100 service copy plus owned/foreign listing detail. Code compatibility only; not a new F13 browser pass, full migration/release pass or performance measurement. Exact run head/log path not supplied."
"UC26","Partial reports/rejected-only repair","reviewer/operator","待 merchant-attended UAT","C","Artifact, operator report and supplied comparison stay distinct; resend only latest rejected 2.","F actual PG proves A (5 rows) -> reported 3 accepted / 2 rejected -> reimport/reapprove only 2 -> B (2 rows) latest receipt lineage/immutable A/independent merchant-defined supplied 5 comparison. New browser unexecuted; no authenticated merchant/live store claim.","LOCAL_VERIFIED_MERCHANT_PENDING","PASS_FS201_DB13_SCOPE","PASS_FS5_LINEAGE","PARTIAL_PRIOR2ROW_PILOT","PENDING_F13_A5_3_2_B2","N/A","PENDING_MERCHANT_ATTENDED","Synthetic loopback PostgreSQL 17; app role non-super/non-bypass/forced RLS; actual BetterAuth/Queue where recorded; fake AI/mock SHOPLINE/publishing disabled. No runtime opened by docs pass.","FS;B;FB","docs/superpowers/plans/2026-10-01-wukong-fix-status.md; apps/web/lib/bulk-export-service.test.ts; apps/web/lib/delivery-service.review-fix.test.ts; apps/web/app/api/listings/export/delivery-lineage.integration.test.ts; apps/web/app/api/listings/export/source-binding.integration.test.ts; packages/db/src/repositories/import-results.test.ts; node_modules/.opak-evidence/t12-note.md; tests/e2e/opak-maintenance-intake.spec.ts; tests/e2e/bulk-update-pilot.spec.ts; node_modules/.opak-evidence/t03-maintenance-20-final.log; tests/e2e/opak-maintenance.spec.ts; node_modules/.opak-evidence/t13-note.md; node_modules/.opak-evidence/t13-tsconfig.json","FS: UNCOMMITTED_F_SOURCE on documentation head; no compiled/CI claim; B: a181cda3d163b2f8825bef1582839a99aca96429; FB: UNCOMMITTED_F13_SOURCE; SHA256 metadata separate","59d1e03 (parent-reported current E prefix; full SHA not supplied; correction/testing in progress; final E head unknown)","bb4c71b7bc95fdb5e9ccddf71ade11a4f5da268976f4343f84c1391b9b46036b","Execute new browser; separately authorize actual upload/current snapshot/human result check.","59d1e03 (parent-reported current E prefix; full SHA not supplied; correction/testing in progress; final E head unknown)","PR125 remote CI failed full integration: new migration 0053 child-FK supporting index missing. Correction/testing in progress; final E benchmark v2 and final E head PENDING. Recorded v1 local results do not certify this release.","Parent-reported old D against 0053 compatibility 3/3 GREEN: private F100 service copy plus owned/foreign listing detail. Code compatibility only; not a new F13 browser pass, full migration/release pass or performance measurement. Exact run head/log path not supplied."
"UC27","URL/filter/return context","operator","本次失敗：URL不跟隨互動篩選","L/C","URL reflects search/kind; refresh/Back preserves scope and exact stored position.","D11 actual browser passes zero-prefixed search/page/selection/indexed and unknown history/catalog return within unchanged2px tolerance plus desktop/mobile drawer.","LOCAL_VERIFIED_EXTERNAL_PENDING","PASS_D_CONTEXT_SCOPE","PASS_D_PROJECTION_SCOPE","PASS_D11","N/A_NEW_F13","N/A","PENDING_REAL_BROWSER","Synthetic loopback PostgreSQL 17; app role non-super/non-bypass/forced RLS; actual BetterAuth/Queue where recorded; fake AI/mock SHOPLINE/publishing disabled. No runtime opened by docs pass.","D","docs/superpowers/plans/2026-10-01-wukong-fix-status.md; tests/e2e/opak-account-assignment.spec.ts; tests/e2e/opak-admin-dirty.spec.ts; tests/e2e/opak-admin-workspace-switch.spec.ts; tests/e2e/opak-catalog-context.spec.ts; node_modules/.opak-evidence/t07-t09-browser-release.log","D: b8fe92a3273841dd2a7857905f9ac796cc5200fa","59d1e03 (parent-reported current E prefix; full SHA not supplied; correction/testing in progress; final E head unknown)","bb4c71b7bc95fdb5e9ccddf71ade11a4f5da268976f4343f84c1391b9b46036b","Authenticated cloud/merchant browser remains separate.","59d1e03 (parent-reported current E prefix; full SHA not supplied; correction/testing in progress; final E head unknown)","PR125 remote CI failed full integration: new migration 0053 child-FK supporting index missing. Correction/testing in progress; final E benchmark v2 and final E head PENDING. Recorded v1 local results do not certify this release.","Parent-reported old D against 0053 compatibility 3/3 GREEN: private F100 service copy plus owned/foreign listing detail. Code compatibility only; not a new F13 browser pass, full migration/release pass or performance measurement. Exact run head/log path not supplied."
"UC28","Dirty admin/CAS","admin","原始碼確認unmount風險；admin live未驗證","C","Save/Discard/Stay guards tabs/history/workspace; failed save retains inputs; CAS refuses overwrite.","D11 actual browser passes admin conflicts/keyboard/native history and dirty workspace isolation/delayed-switch exclusivity. Settings CAS/RLS2/2, guard57/57 pass. Cloud admin readiness unverified.","LOCAL_VERIFIED_EXTERNAL_PENDING","PASS_D57_SCOPE","PASS_D2_CAS","PASS_D11","N/A_NEW_F13","N/A","PENDING_REAL_ADMIN","Synthetic loopback PostgreSQL 17; app role non-super/non-bypass/forced RLS; actual BetterAuth/Queue where recorded; fake AI/mock SHOPLINE/publishing disabled. No runtime opened by docs pass.","D","docs/superpowers/plans/2026-10-01-wukong-fix-status.md; tests/e2e/opak-account-assignment.spec.ts; tests/e2e/opak-admin-dirty.spec.ts; tests/e2e/opak-admin-workspace-switch.spec.ts; tests/e2e/opak-catalog-context.spec.ts; node_modules/.opak-evidence/t07-t09-browser-release.log","D: b8fe92a3273841dd2a7857905f9ac796cc5200fa","59d1e03 (parent-reported current E prefix; full SHA not supplied; correction/testing in progress; final E head unknown)","bb4c71b7bc95fdb5e9ccddf71ade11a4f5da268976f4343f84c1391b9b46036b","Cloud/production admin and actual readiness remain separate.","59d1e03 (parent-reported current E prefix; full SHA not supplied; correction/testing in progress; final E head unknown)","PR125 remote CI failed full integration: new migration 0053 child-FK supporting index missing. Correction/testing in progress; final E benchmark v2 and final E head PENDING. Recorded v1 local results do not certify this release.","Parent-reported old D against 0053 compatibility 3/3 GREEN: private F100 service copy plus owned/foreign listing detail. Code compatibility only; not a new F13 browser pass, full migration/release pass or performance measurement. Exact run head/log path not supplied."
"UC29","Safe diagnostics/support","operator/engineer","本次不足：通用UI錯誤，log只有minified throw site","L/R/C","Safe request ID/stage correlates server observation without raw secrets; degraded read does not authorize delivery.","A safe diagnostics/global failures and operator/reviewer degraded reads pass. D role/support guidance retains identifiers/state; local logs/screenshots are synthetic/ignored. Old D against schema 0053 compatibility passed 3/3 (private F100 copy plus owned/foreign detail); this is code compatibility only, not a production/schema-release or new browser pass.","LOCAL_VERIFIED_EXTERNAL_PENDING","PASS_A_D_SCOPE","PASS_A7_ERROR_SCOPE","PASS_A2_D11","N/A_NEW_F13","N/A","PENDING_PRODUCTION_SUPPORT","Synthetic loopback PostgreSQL 17; app role non-super/non-bypass/forced RLS; actual BetterAuth/Queue where recorded; fake AI/mock SHOPLINE/publishing disabled. No runtime opened by docs pass.","A;D;DCOMP","docs/superpowers/plans/2026-10-01-wukong-fix-status.md; apps/web/app/api/listings/runtime-read.integration.test.ts; tests/e2e/opak-runtime-read.spec.ts; .superpowers/sdd/2026-10-01-wukong-opakcellar-fixes/a-review-real-db-green.log; tests/e2e/opak-account-assignment.spec.ts; tests/e2e/opak-admin-dirty.spec.ts; tests/e2e/opak-admin-workspace-switch.spec.ts; tests/e2e/opak-catalog-context.spec.ts; node_modules/.opak-evidence/t07-t09-browser-release.log","A: A ledger; exact individual browser head not restated; D: b8fe92a3273841dd2a7857905f9ac796cc5200fa; DCOMP: parent-reported old-D/0053 compatibility; exact run head not supplied","59d1e03 (parent-reported current E prefix; full SHA not supplied; correction/testing in progress; final E head unknown)","bb4c71b7bc95fdb5e9ccddf71ade11a4f5da268976f4343f84c1391b9b46036b","Production correlated read-only reproduction remains blocked.","59d1e03 (parent-reported current E prefix; full SHA not supplied; correction/testing in progress; final E head unknown)","PR125 remote CI failed full integration: new migration 0053 child-FK supporting index missing. Correction/testing in progress; final E benchmark v2 and final E head PENDING. Recorded v1 local results do not certify this release.","Parent-reported old D against 0053 compatibility 3/3 GREEN: private F100 service copy plus owned/foreign listing detail. Code compatibility only; not a new F13 browser pass, full migration/release pass or performance measurement. Exact run head/log path not supplied."
"UC30","Scale/daily efficiency","operator/engineer","待負載及商戶pilot","C","Measure500/5000/20000 route/query behavior and 20-product human effort without invented savings.","Recorded v1 same-cohort post-change route/RLS performance SUCCESS:504 samples (original 441 plus63 cursor),135 EXPLAIN. At 20k warm p95 catalog25/deep/SKU/name/detail/quality: 183/270/157/137/36/89ms versus baseline 8679/92310/9170/35629/129/9091ms. Bounded backfill 114s, resume 1:initial 25 assessed / 19975 pending -> 20000 ready. V1 local route targets pass; final E benchmark v2 and final head remain PENDING during 0053 supporting-index correction/testing; browser field INP/human minutes/first-acceptance/live pilot remain pending.","LOCAL_V1_ROUTE_PERF_PASS_V2_OTHER_PENDING","PASS_EP_HARNESS_SCOPE","PASS_EP_V1_RLS_504_FINAL_V2_PENDING","NOT_RUN_FIELD_INP_HUMAN_TIMING","PENDING_F13_20_JOURNEY_NOT_TIMING","N/A","PENDING_HUMAN_TIME_PILOT","Synthetic loopback PostgreSQL 17; app role non-super/non-bypass/forced RLS; actual BetterAuth/Queue where recorded; fake AI/mock SHOPLINE/publishing disabled. No runtime opened by docs pass.","EP;EQ;FB;F100","docs/superpowers/plans/2026-10-01-wukong-fix-status.md; docs/runbooks/opak-performance-quality.md; node_modules/.opak-evidence/t10-baseline-full-v1.json; node_modules/.opak-evidence/t10-baseline-full-v1-source-manifest.json; packages/db/src/repositories/quality-projection.integration.test.ts; packages/db/src/repositories/quality-projection.test.ts; tests/e2e/opak-quality.spec.ts; node_modules/.opak-evidence/e-quality-ui-scope-green.log; tests/e2e/opak-maintenance.spec.ts; node_modules/.opak-evidence/t13-note.md; node_modules/.opak-evidence/t13-tsconfig.json; node_modules/.opak-evidence/f13-acceptance-note.md; node_modules/.opak-evidence/f13-acceptance-source-proof.json; packages/db/src/repositories/workspace-reads.integration.test.ts; apps/web/lib/opak-maintenance-acceptance.integration.test.ts","EP: baseline 96e612e06a6faa0b8b54e9b1220a852c2469a4fb; after 6ccfd0ecc2b1e09269e7a41abe64f9ffd10d4805; parent-reported SUCCESS; compiled runtime 9b5c7d19; EQ: 6ccfd0ecc2b1e09269e7a41abe64f9ffd10d4805 (parent-reported pure-E gates; compiled runtime 9b5c7d19); FB: UNCOMMITTED_F13_SOURCE; SHA256 metadata separate; F100: UNCOMMITTED_F_SERVICE_SOURCE on E 6ccfd0ecc2b1e09269e7a41abe64f9ffd10d4805; actual isolated PG/service/worker 2/2 owner-reported; service/worker scope, distinct UC22 browser source PENDING","59d1e03 (parent-reported current E prefix; full SHA not supplied; correction/testing in progress; final E head unknown)","bb4c71b7bc95fdb5e9ccddf71ade11a4f5da268976f4343f84c1391b9b46036b","Retain measured v1 route performance and 114s bounded backfill cost. Await final E correction/head and v2 benchmark; separately measure browser field responsiveness and human effort/acceptance. No savings/live pilot claim.","59d1e03 (parent-reported current E prefix; full SHA not supplied; correction/testing in progress; final E head unknown)","PR125 remote CI failed full integration: new migration 0053 child-FK supporting index missing. Correction/testing in progress; final E benchmark v2 and final E head PENDING. Recorded v1 local results do not certify this release.","Parent-reported old D against 0053 compatibility 3/3 GREEN: private F100 service copy plus owned/foreign listing detail. Code compatibility only; not a new F13 browser pass, full migration/release pass or performance measurement. Exact run head/log path not supplied."
