case_id,baseline_active_seconds,baseline_wait_seconds,wukong_active_seconds,wukong_wait_seconds,accepted_without_edit,edited_content_field_count,hard_fail_count,protected_field_drift,reconciled,outcome
H01,,,,,,,,,,not_evaluated
H02,,,,,,,,,,not_evaluated
H03,,,,,,,,,,not_evaluated
H04,,,,,,,,,,not_evaluated
H05,,,,,,,,,,not_evaluated
H06,,,,,,,,,,not_evaluated
H07,,,,,,,,,,not_evaluated
H08,,,,,,,,,,not_evaluated
H09,,,,,,,,,,not_evaluated
H10,,,,,,,,,,not_evaluated
H11,,,,,,,,,,not_evaluated
H12,,,,,,,,,,not_evaluated
H13,,,,,,,,,,not_evaluated
H14,,,,,,,,,,not_evaluated
H15,,,,,,,,,,not_evaluated
H16,,,,,,,,,,not_evaluated
H17,,,,,,,,,,not_evaluated
H18,,,,,,,,,,not_evaluated
H19,,,,,,,,,,not_evaluated
H20,,,,,,,,,,not_evaluated
