case_id,cloud_status,evidence_or_limit
"UC01","partial","Cloud31+32checks: three synthetic password/server-role identities; operator/reviewer realUI logout200/session401 and stored-work/back protection; same-context invited role-handoff remains pending"
"UC02","passed","Operator/reviewer settingsGET/POST/readiness403; admin200/freshCAS audit1/stale409 audit0; actual operator useful admin refusal and reviewer denial verified"
"UC03","partial","Five source-bound detail reads200; production500 repro remains blocked"
"UC04","passed","Both-role cloud API and actualUI: malformed queue row blocked/selection disabled/supportID; blocked detail no editable fields; healthySKU000674 and no-version manual inputs remain usable; no delivery inferred"
"UC05","partial","Actual leading-zero API/UI search and URL refresh preserve three distinct frozen readonly references; source-qualified intended-product and English multi-word search scope remains partial"
"UC06","partial","20readonly references/20source-bound drafts/20current editable inputs/SKUs; 1manual review version; full20product UI/merchant journey pending"
"UC07","passed","Synthetic cloud API same-byte replay creates0/renews no freshness; new source invalidates1 old approval; stale retry0; old source/rows/version/receipt immutable"
"UC08","passed","Independent71-column XML assertions355+142cells; nameZh-only changes and quantityDelta+0"
"UC09","blocked","Local deterministic12-fixture adapter/harness retained; fake cloud generation is not paid-model accuracy or human assessment"
"UC10","blocked","Local deterministic12-fixture adapter/harness retained; fake cloud generation is not paid-model accuracy or human assessment"
"UC11","blocked","Local deterministic12-fixture adapter/harness retained; fake cloud generation is not paid-model accuracy or human assessment"
"UC12","blocked","Local deterministic12-fixture adapter/harness retained; fake cloud generation is not paid-model accuracy or human assessment"
"UC13","blocked","Local deterministic12-fixture adapter/harness retained; fake cloud generation is not paid-model accuracy or human assessment"
"UC14","blocked","Local deterministic12-fixture adapter/harness retained; fake cloud generation is not paid-model accuracy or human assessment"
"UC15","blocked","Local deterministic12-fixture adapter/harness retained; fake cloud generation is not paid-model accuracy or human assessment"
"UC16","blocked","Local deterministic12-fixture adapter/harness retained; fake cloud generation is not paid-model accuracy or human assessment"
"UC17","blocked","Local deterministic12-fixture adapter/harness retained; fake cloud generation is not paid-model accuracy or human assessment"
"UC18","blocked","Local deterministic12-fixture adapter/harness retained; fake cloud generation is not paid-model accuracy or human assessment"
"UC19","blocked","Local deterministic12-fixture adapter/harness retained; fake cloud generation is not paid-model accuracy or human assessment"
"UC20","blocked","Local deterministic12-fixture adapter/harness retained; fake cloud generation is not paid-model accuracy or human assessment"
"UC21","partial","Current values preserved5 and preview no-call; full deficiency decision browser journey not run"
"UC22","partial","Exactly5 admitted/exported; actual two-page UI selection retained and refresh same-ID/checked proven; cloud100-item execution/selection sequence not run"
"UC23","partial","Approval4+1stale then failed-only1; bothqueues held; injected worker-failure pause/retry sequence not run here"
"UC24","partial","10fake ledger calls cost0; paid reservation/unknown fault cloud cases not run"
"UC25","passed","Stale confirmation refused; changed preview409; role403; fresh source-bound reviewer export"
"UC26","passed","A3accepted2rejected; repairB2only; immutableA; independentA3match2diff/B2match"
"UC27","passed","Actual search/kind URL and refresh; catalog2448px return within2px with selection/filter; two completed pages and same-ID refresh; explicit kind URLs restore through native Back/Forward; protected deployment admission retained"
"UC28","partial","Actual admin Stay/Discard/tabs/nativeBack/freshCAS/stale failed save with retained input/Compare/Reload/keyboard/readiness passed; canonical profile restored/audit2; cloud workspace-switch remains unexecuted"
"UC29","partial","Both-role row/supportUI/disabled-action and global permission faults500/noitems/correlation/ACLrestore200; disabledwholeDB15checks; original authenticated production500 remains unconfirmed"
"UC30","blocked","Local benchmarks retained; no500/5k/20k cloud load or human employee-minute result"
